url,name,address,city,state,phone
https://capstoneaccounting.com/locations/butte?utm_source=google&utm_medium=organic&utm_campaign=gbp&utm_content=butte,Results,"270 E Park St Suite 1, Butte, MT 59701",Butte,MT,(406) 723-3266
http://jscpa.com/,Results,"2 Sunset Plaza, Kalispell, MT 59901",Kalispell,MT,(406) 752-1040
https://www.missionaccountingcpa.com/,Results,"19 Appleway Dr, Kalispell, MT 59901",Kalispell,MT,(406) 890-6925
http://www.flatheadcpas.com/,Results,"100 Cooperative Way #100, Kalispell, MT 59901",Kalispell,MT,(406) 257-8399
https://hansenbookkeepingservice.com/,Results,,Marion,MT,
http://www.eclipsecpa.com/,Results,"575 Sunset Blvd Ste 202, Kalispell, MT 59901",Kalispell,MT,(406) 393-2828
https://www.jccscpa.com/locations/kalispell/,Results,"35 Three Mile Dr, Kalispell, MT 59901",Kalispell,MT,(406) 755-3681
http://www.elevatedaccounting.com/,Results,"126 1st Ave W, Kalispell, MT 59901",Kalispell,MT,(406) 800-1008
http://www.markruleandco.com/,Results,"270 E Park St Suite 1, Butte, MT 59701",Butte,MT,(406) 723-3266
https://jscpa.com/,Results,"2 Sunset Plaza, Kalispell, MT 59901",Kalispell,MT,(406) 752-1040
https://www.wipfli.com/about-wipfli/locations/montana/mt-kalispell?utm_source=GMB&utm_medium=organic,Results,"14 3rd St E Suite 200, Kalispell, MT 59901",Kalispell,MT,(406) 752-5225
https://hulslander-schmidcpa.com/,Results,"24 1st Ave E STE D, Kalispell, MT 59901",Kalispell,MT,(406) 755-3088
https://www.bookmycpa.com/?utm_source=gmb&utm_medium=organic&utm_campaign=2025,Results,"645 Grand Ave, Billings, MT 59101",Billings,MT,(406) 652-7999
https://ddaudit.com/,Results,"1740 U.S. 93 S, Kalispell, MT 59901",Kalispell,MT,(406) 756-6879
