url,name,address,city,state,phone
https://www.jccscpa.com/locations/kalispell/,Results,"35 Three Mile Dr, Kalispell, MT 59901",Kalispell,MT,(406) 755-3681
http://www.eclipsecpa.com/,Results,"575 Sunset Blvd Ste 202, Kalispell, MT 59901",Kalispell,MT,(406) 393-2828
https://ddaudit.com/,Results,"1740 U.S. 93 S, Kalispell, MT 59901",Kalispell,MT,(406) 756-6879
http://jscpa.com/,Results,"2 Sunset Plaza, Kalispell, MT 59901",Kalispell,MT,(406) 752-1040
http://www.elevatedaccounting.com/,Results,"126 1st Ave W, Kalispell, MT 59901",Kalispell,MT,(406) 800-1008
https://www.jccscpa.com/locations/whitefish/,Results,"307 Spokane Ave Ste 200, Whitefish, MT 59937",Whitefish,MT,(406) 862-2597
https://jscpa.com/,Results,"2 Sunset Plaza, Kalispell, MT 59901",Kalispell,MT,(406) 752-1040
https://www.jccscpa.com/locations/great-falls/,Results,"501 Park Dr S, Great Falls, MT 59405",Great Falls,MT,(406) 761-2820
https://capstoneaccounting.com/locations/butte?utm_source=google&utm_medium=organic&utm_campaign=gbp&utm_content=butte,Results,"270 E Park St Suite 1, Butte, MT 59701",Butte,MT,(406) 723-3266
http://www.summers-mcnea.com/,Results,"15 Avanta Way Ste 1, Billings, MT 59102",Billings,MT,(406) 652-2320
https://www.missionaccountingcpa.com/,Results,"19 Appleway Dr, Kalispell, MT 59901",Kalispell,MT,(406) 890-6925
https://hulslander-schmidcpa.com/,Results,"24 1st Ave E STE D, Kalispell, MT 59901",Kalispell,MT,(406) 755-3088
http://www.flatheadcpas.com/,Results,"100 Cooperative Way #100, Kalispell, MT 59901",Kalispell,MT,(406) 257-8399
https://montana-cpas.com/,Results,"708 3rd Ave E, Polson, MT 59860",Polson,MT,(406) 883-5269
https://www.jccscpa.com/locations/missoula/,Results,"321 W Broadway St 4th Floor, Missoula, MT 59802",Missoula,MT,(406) 549-4148
http://www.montana.cpa/,Results,"317 Cruse Ave Suite 202, Helena, MT 59601",Helena,MT,(406) 442-7301
https://accuratetaxandbookkeeping.wordpress.com/laura-lynn-reynolds/,Results,"725 S Main St, Kalispell, MT 59901",Kalispell,MT,(406) 257-4555
https://itfiguresbookkeeping.net/,Results,"490 E Montana St Suite 1, Kalispell, MT 59901",Kalispell,MT,(406) 407-9616
https://www.bookmycpa.com/?utm_source=gmb&utm_medium=organic&utm_campaign=2025,Results,"645 Grand Ave, Billings, MT 59101",Billings,MT,(406) 652-7999
https://mtaccutax.com/,Results,"2202 Main St, Billings, MT 59105",Billings,MT,(406) 245-0925
http://webe.cpa/,Results,"1060 S Central Ave #1, Sidney, MT 59270",Sidney,MT,(406) 433-4510
http://claritytaxandaccounting.com/,Results,"2810 Central Ave STE B, Billings, MT 59102",Billings,MT,(406) 652-2161
http://www.markruleandco.com/,Results,"270 E Park St Suite 1, Butte, MT 59701",Butte,MT,(406) 723-3266
https://shorestosummitrentals.com/,Results,"75 Somers Rd, Somers, MT 59932",Somers,MT,(406) 261-1769
